;features
0;абонемент
1;абонемент сезон
2;абсолютно
3;абстрактный
4;абсурд
5;авангард
6;август
7;августа
8;автограф
9;автомобиль
10;автопортрет
11;автор
12;автор библиотека
13;автор билет
14;автор зарубежный
15;автор литература
16;автор популярный
17;автор публичный
18;автор факт
19;авторский
20;агитплакат
21;адвокат
22;административный
23;административный представитель
24;административный семейный
25;администрация
26;адрес
27;академик
28;академический
29;академия
30;акварель
31;аккаунт
32;аксессуар
33;аксинин
34;аксинина
35;акт
36;актер
37;актерский
38;активно
39;активность
40;активный
41;актр
42;актриса
43;актуальный
44;акция
45;александр
46;александра
47;алексей
48;алиса
49;альбом
50;альманах
51;альтернативный
52;амбиция
53;американский
54;анализ
55;ангел
56;английский
57;анимационный
58;анимация
59;анна
60;анонс
61;ансамбль
62;апрель
63;апрель работа
64;апреля
65;аренда
66;армия
67;армянский
68;арт
69;арт группа
70;арт критик
71;арт объект
72;арт проект
73;арт центр
74;артефакт
75;артист
76;артистка
77;археологический
78;архив
79;архивный
80;архитектор
81;архитектура
82;архитектурный
83;аспект
84;ассоциация
85;атмосфера
86;атмосферный
87;аудитория
88;афиша
89;баба
90;бабушка
91;база
92;базовый
93;баква
94;балет
95;банк
96;бар
97;беда
98;бедный
99;бежать
100;безопасность
101;безумие
102;безумный
103;белый
104;берег
105;береговой
106;беречь
107;беседа
108;бесконечный
109;бесплатно
110;бесплатный
111;бестселлер
112;библиографический
113;библиографический бесплатный
114;библиографический эл
115;библиоджаз
116;библионочь
117;библиотека
118;библиотека земля
119;библиотека искусство
120;библиотека кинопоказ
121;библиотека конкурс
122;библиотека курс
123;библиотека лекция
124;библиотека мастерская
125;библиотека отношение
126;библиотека первый
127;библиотека публиковаться
128;библиотека рождественский
129;библиотека связать
130;библиотека студент
131;библиотека участвовать
132;библиотекарь
133;библиотечный
134;бизнес
135;билет
136;билет день
137;билет зал
138;билет история
139;билет пройти
140;билет публичный
141;биография
142;биологический
143;биология
144;битва
145;благо
146;благодарить
147;благодарность
148;благодаря
149;благополучие
150;благотворительный
151;блестящий
152;близкие
153;близкий
154;близкий человек
155;блог
156;блок
157;блюдо
158;бог
159;богатство
160;богатый
161;боевой
162;бой
163;болезненный
164;болезнь
165;боль
166;больной
167;больший
168;больший поздравлять
169;больший человек
170;большинство
171;большой
172;большой живой
173;большой работать
174;борис
175;бороться
176;борьба
177;бояться
178;брак
179;брат
180;брать
181;браться
182;бренд
183;британский
184;бронирование
185;бронь
186;бросать
187;бросить
188;буднновский
189;будущее
190;будущий
191;буква
192;буквально
193;бумага
194;бумажный
195;бывать
196;бывший
197;былой
198;быстро
199;быстрый
200;быт
201;бытие
202;бытовой
203;важный
204;важный несколько
205;важный чувство
206;вакансия
207;вакцинация
208;вариант
209;ваш
210;вдохновение
211;вдохновить
212;вдохновлять
213;вебинар
214;ведущий
215;ведущий литературный
216;ведущий состояться
217;век
218;веке
219;великий
220;великий история
221;великий пройти
222;великий публичный
223;великолепный
224;вера
225;верить
226;вернисаж
227;вернуть
228;вернуться
229;верный
230;версия
231;вершина
232;веселый
233;весенний
234;весна
235;вести
236;вести процессуальный
237;весьма
238;ветер
239;ветеран
240;вечер
241;вечеринка
242;вечерний
243;вечно
244;вечный
245;вещь
246;взаимодействие
247;взаимоотношение
248;взгляд
249;взглянуть
250;взросление
251;взрослый
252;взять
253;вид
254;вид наука
255;видение
256;видео
257;видеолекция
258;видеть
259;видный
260;визуальный
261;викторина
262;виктория
263;вина
264;вино
265;виноватый
266;виртуальный
267;вклад
268;включать
269;включая
270;включительно
271;включить
272;вкус
273;вкусный
274;владелец
275;власть
276;влияние
277;влиятельный
278;влиять
279;влюбить
280;вместе
281;вместе библиотека
282;вместе мероприятие
283;вместо
284;вне
285;внезапно
286;внезапный
287;внести
288;внешний
289;внимание
290;внимание друг
291;внимание область
292;вновь
293;внутренний
294;внутри
295;во
296;во первых
297;вовсе
298;вода
299;военно
300;военный
301;возврат
302;возвращаться
303;возвращение
304;воздух
305;возможно
306;возможность
307;возможность свободный
308;возможный
309;возникать
310;возникновение
311;возникнуть
312;возраст
313;возрастной
314;возрождение
315;воин
316;война
317;войско
318;войти
319;вокал
320;вокальный
321;вокруг
322;волна
323;волновать
324;волонтер
325;волшебный
326;волшебство
327;воля
328;воображение
329;вообще
330;воплотить
331;воплощение
332;вопрос
333;вопрос выйти
334;вопрос дгту
335;вопрос каждый
336;вопрос количество
337;вопрос нужный
338;вопрос российский
339;восемь
340;воскресение
341;воскресение открытие
342;воскресение суббота
343;воспитание
344;воспитанник
345;воспользоваться
346;воспоминание
347;воспринимать
348;восприятие
349;восстановить
350;восстановление
351;восток
352;восторг
353;восточный
354;востребовать
355;впервые
356;впервые искусство
357;вперед
358;впечатление
359;вполне
360;впоследствии
361;враг
362;врач
363;временной
364;времна
365;время
366;время мир
367;время прочитать
368;время художественный
369;вроде
370;вручение
371;вручить
372;вс
373;все
374;все таки
375;вселенная
376;всемирный
377;всемирный сегодня
378;всеобщий
379;всеобъемлющий
380;всероссийский
381;вскоре
382;вслух
383;всм
384;вспоминать
385;вспомнить
386;встретить
387;встретиться
388;встреча
389;встреча вечер
390;встреча западный
391;встреча кинозал
392;встреча рассказать
393;встреча фильм
394;встречать
395;встречаться
396;вступать
397;всякий
398;втоо
399;вторник
400;второй
401;вуз
402;вход
403;вход выставка
404;вход главный
405;вход июль
406;вход март
407;вход познакомиться
408;вход показ
409;вход приглашать
410;вход провести
411;вход свободный
412;вход тело
413;входить
414;входной
415;вчера
416;выбирать
417;выбор
418;выбрать
419;вывести
420;вывод
421;выглядеть
422;выдающийся
423;выделить
424;выжить
425;вызвать
426;вызов
427;вызывать
428;вый
429;выйти
430;выйти нужный
431;выйти свет
432;вымысел
433;вынудить
434;выполнить
435;выполнять
436;выпуск
437;выпускать
438;выпускник
439;выпускница
440;выпустить
441;выражать
442;выражение
443;выразительный
444;выразить
445;вырасти
446;выслать
447;высокий
448;высокий история
449;высоко
450;высота
451;выставка
452;выставка время
453;выставка жизнь
454;выставка конкурс
455;выставка культурный
456;выставка летие
457;выставка памятник
458;выставка представить
459;выставка приглашать
460;выставка проект
461;выставка пять
462;выставка фестиваль
463;выставка художественный
464;выставочный
465;выставочный государственный
466;выставочный зона
467;выставочный рамках
468;выстроить
469;выступать
470;выступить
471;выступление
472;выход
473;выходить
474;выходной
475;вышивка
476;выявить
477;газета
478;галерея
479;галерея искусство
480;гардероб
481;гармония
482;гбук
483;где
484;где то
485;гендерный
486;генерал
487;генеральный
488;гениальный
489;гений
490;географический
491;география
492;георгий
493;германии
494;героиня
495;героиня мочь
496;героический
497;герой
498;гештальт
499;гитара
500;гитарный
501;глава
502;главное
503;главный
504;главный выставка
505;главный кино
506;главный писатель
507;главный рассказывать
508;главный фестиваль
509;глаз
510;глобальный
511;глубина
512;глубокий
513;глубоко
514;говорить
515;говорить программа
516;голова
517;голос
518;голубой
519;гора
520;гораздо
521;гордиться
522;гореть
523;горизонт
524;город
525;город мастер
526;город опыт
527;город рамках
528;городок
529;городской
530;городской день
531;городской публичный
532;горожанин
533;горький
534;горячий
535;гостиная
536;гостиная проект
537;гостиная произведение
538;гостиная сотрудник
539;гостиный
540;гость
541;гость всероссийский
542;гость вход
543;государственный
544;государственный документ
545;государственный лауреат
546;государственный российский
547;государственный центр
548;государство
549;готовить
550;готовиться
551;готовый
552;гравюра
553;гражданин
554;гражданский
555;гражданский справочно
556;грамматика
557;грамотность
558;гран
559;граница
560;грант
561;грань
562;график
563;графика
564;графический
565;граффити
566;греческий
567;громкий
568;группа
569;группа программа
570;групповой
571;грустный
572;гскиехудожник
573;гуашь
574;губернатор
575;гулять
576;гуманитарный
577;давать
578;давний
579;давно
580;далее
581;далекий
582;далеко
583;дальнейший
584;дама
585;данил
586;данные
587;данный
588;дар
589;дарить
590;дата
591;дать
592;двадцать
593;дважды
594;дверь
595;двигаться
596;движение
597;двое
598;двор
599;дворец
600;дворик
601;дгпб
602;дгту
603;дебютный
604;девочка
605;девушка
606;девять
607;дед
608;действие
609;действительно
610;действительность
611;действительный
612;действовать
613;декабрь
614;декабрь государственный
615;декабрь ссылка
616;декоративно
617;декоративно прикладной
618;декоративный
619;декорация
620;делать
621;делать развитие
622;делиться
623;дело
624;дело происходить
625;демонстрация
626;демонстрировать
627;демонстрироваться
628;день
629;день зал
630;день здоровье
631;день история
632;день любовь
633;день множество
634;день рождение
635;день скиехудожник
636;день творчество
637;день участник
638;день художница
639;деньга
640;депрессия
641;депутат
642;деревня
643;дерево
644;деревянный
645;держать
646;десятилетие
647;десяток
648;десять
649;деталь
650;детектив
651;детективный
652;детский
653;детский также
654;детство
655;деятель
656;деятельность
657;джаз
658;джазовый
659;диалог
660;диджей
661;дизайн
662;дизайнер
663;дикий
664;динамичный
665;диплом
666;директ
667;директор
668;дирижер
669;дискуссионный
670;дискуссия
671;дистанция
672;дисциплина
673;длинный
674;длительность
675;дмитрия
676;дмитровский
677;дневник
678;днм
679;добавить
680;добиться
681;добро
682;добрый
683;доверие
684;довольно
685;дождь
686;доклад
687;доктор
688;документ
689;документ центр
690;документальный
691;долг
692;долгий
693;долго
694;долгожданный
695;должный
696;доля
697;дом
698;дома
699;домашний
700;домик
701;домой
702;дополнительный
703;дополнительный земельный
704;дополнить
705;дополнять
706;дореволюционный
707;дорога
708;дорогой
709;достаточно
710;достигнуть
711;достижение
712;достоевский
713;достоинство
714;достойный
715;достопримечательность
716;доступ
717;доступный
718;доцент
719;дочь
720;драма
721;драматический
722;драматург
723;драматургия
724;древний
725;древность
726;друг
727;друг встреча
728;друг день
729;друг область
730;друг январь
731;дружба
732;дружеский
733;дума
734;думать
735;дух
736;духовный
737;душа
738;душа желать
739;душевный
740;дуэт
741;дыхание
742;евгений
743;европейский
744;еда
745;едва
746;единственный
747;единство
748;единый
749;ежегодно
750;ежегодный
751;ежедневно
752;ежедневный
753;ездить
754;естественно
755;естественный
756;ехать
757;жанр
758;жанровый
759;жаркий
760;ждать
761;ждать билет
762;ждать великий
763;ждать пройти
764;ждать публичный
765;ждм
766;ждт
767;желание
768;желать
769;желать культура
770;желать русский
771;желать успех
772;желать художник
773;железный
774;жена
775;женский
776;женщина
777;жертва
778;жесткий
779;жестокий
780;жестокость
781;живой
782;живописец
783;живописный
784;живопись
785;живопись область
786;животное
787;живт
788;жизненный
789;жизнь
790;жизнь демонстрация
791;жизнь посетить
792;жизнь проект
793;жизнь сотрудник
794;жизнь язык
795;жилищный
796;жилищный этаж
797;житель
798;жить
799;жить родитель
800;журнал
801;журналист
802;журналистика
803;жуткий
804;жюри
805;за
806;забавный
807;заболевание
808;забота
809;заботиться
810;забрать
811;забронировать
812;забывать
813;забыть
814;зав
815;заведение
816;заведовать
817;завершение
818;завершить
819;зависеть
820;зависимость
821;завод
822;завоевать
823;завораживать
824;завтра
825;загадка
826;загадочный
827;заглянуть
828;задавать
829;задание
830;задать
831;задача
832;задумать
833;задуматься
834;задумываться
835;заинтересованный
836;заказ
837;заказать
838;заканчиваться
839;закат
840;заключаться
841;заключительный
842;заключить
843;закон
844;закончить
845;закончиться
846;закрытие
847;закрыть
848;зал
849;зал день
850;зал история
851;зал пройти
852;зал публичный
853;зал участник
854;заложить
855;заместитель
856;заметить
857;замечательный
858;замечать
859;замысел
860;занимать
861;заниматься
862;заниматься публичный
863;занятие
864;занять
865;заняться
866;западный
867;запас
868;запечатлеть
869;записать
870;записаться
871;записка
872;запись
873;запланировать
874;заповедник
875;заполнить
876;запоминаться
877;запретить
878;запрос
879;запустить
880;заранее
881;зарегистрироваться
882;зарубежный
883;заседание
884;заслужить
885;заслужить музей
886;заслужить поздравлять
887;заслужить художник
888;заставить
889;заставлять
890;затем
891;зато
892;захватить
893;захватывать
894;заходить
895;захотеть
896;зачастую
897;защита
898;защитить
899;защитник
900;защищать
901;заявить
902;заявка
903;звание
904;звать
905;звезда
906;звездный
907;звонить
908;звук
909;звучание
910;звучать
911;здание
912;здоровый
913;здоровье
914;здоровье рождение
915;здоровье творчество
916;зеленый
917;земельный
918;земельный юридический
919;земля
920;земля первый
921;земляк
922;земной
923;зеркало
924;зима
925;зимний
926;зло
927;злой
928;знак
929;знаковый
930;знакомить
931;знакомиться
932;знакомство
933;знакомый
934;знаменитый
935;знание
936;знаток
937;знать
938;знать книга
939;значение
940;значимый
941;значительный
942;значить
943;золотарев
944;золото
945;золотой
946;зона
947;зрение
948;зритель
949;зрительский
950;игорь
951;игра
952;играть
953;игровой
954;игрушка
955;идеальный
956;идентичность
957;идея
958;идея читатель
959;идт
960;идти
961;из
962;из за
963;избрать
964;известность
965;известный
966;известный день
967;известный история
968;известный участник
969;известный ученый
970;изготовление
971;издавать
972;издаваться
973;издание
974;издание встреча
975;издатель
976;издательский
977;издательство
978;издать
979;изделие
980;изменение
981;изменить
982;измениться
983;изначально
984;изнутри
985;изображать
986;изображение
987;изобразительный
988;изобразить
989;изобретение
990;изучать
991;изучение
992;изучить
993;изящный
994;иллюзия
995;иллюстративный
996;иллюстратор
997;иллюстрация
998;иллюстрировать
999;именно
1000;именно читать
1001;иметь
1002;иметь культура
1003;иметь русский
1004;иметься
1005;император
1006;императорский
1007;имя
1008;имя известный
1009;имя публичный
1010;иначе
1011;инвентарный
1012;индивидуальный
1013;индустрия
1014;инженер
1015;инициатива
1016;иной
1017;иностранный
1018;инстаграм
1019;инсталляция
1020;институт
1021;инструмент
1022;инструментальный
1023;интеллект
1024;интеллектуальный
1025;интерактивный
1026;интервью
1027;интерес
1028;интересный
1029;интересный вход
1030;интересный разный
1031;интересовать
1032;интересоваться
1033;интернет
1034;интерпретация
1035;интерьер
1036;интрига
1037;информационно
1038;информационный
1039;информационный вести
1040;информационный встреча
1041;информация
1042;информация информационный
1043;ирина
1044;ироничный
1045;ирония
1046;искать
1047;исключение
1048;искренне
1049;искренний
1050;искренность
1051;искусственный
1052;искусство
1053;искусство колледж
1054;искусство общество
1055;искусство посвятить
1056;искусство тема
1057;искусство техника
1058;искусствовед
1059;искусствоведение
1060;испанский
1061;исполнение
1062;исполнитель
1063;исполнить
1064;исполниться
1065;исполниться сегодня
1066;исполнять
1067;исполняться
1068;исполняться день
1069;использование
1070;использовать
1071;использоваться
1072;испытание
1073;испытать
1074;испытывать
1075;исследование
1076;исследователь
1077;исследовательский
1078;исследовать
1079;истина
1080;истинный
1081;исток
1082;историк
1083;историко
1084;исторический
1085;исторический государственный
1086;история
1087;история день
1088;история зал
1089;история посмотреть
1090;история пройти
1091;история участник
1092;источник
1093;исчезать
1094;исчезнуть
1095;итак
1096;итальянский
1097;итог
1098;итоге
1099;июль
1100;июль выставка
1101;июль приглашать
1102;июля
1103;июнь
1104;июнь хороший
1105;июня
1106;кавказ
1107;кавказский
1108;кадр
1109;каждый
1110;каждый самый
1111;каждый становиться
1112;каждый уникальный
1113;казак
1114;казаться
1115;казаться взгляд
1116;казачество
1117;казачий
1118;как
1119;как то
1120;каков
1121;какой
1122;какой либо
1123;какой то
1124;калейдоскоп
1125;календарь
1126;камень
1127;камера
1128;камерный
1129;канал
1130;кандидат
1131;каникулы
1132;канун
1133;карандаш
1134;карта
1135;картина
1136;картина известный
1137;картинка
1138;карточка
1139;карусель
1140;карьера
1141;касаться
1142;касса
1143;каталог
1144;категория
1145;кафедра
1146;кафедра международный
1147;качественный
1148;качество
1149;квартет
1150;квартира
1151;квартирантка
1152;квест
1153;керамика
1154;кинематограф
1155;кино
1156;кино фестиваль
1157;кинозал
1158;кинозал контролировать
1159;киноклуб
1160;кинопоказ
1161;кинотеатр
1162;кинофестиваль
1163;кисть
1164;китайский
1165;класс
1166;класс ведущий
1167;классик
1168;классика
1169;классический
1170;классный
1171;кластер
1172;клей
1173;клен
1174;клетка
1175;клуб
1176;клуб встреча
1177;клуб информационный
1178;ключ
1179;ключевой
1180;книга
1181;книга героиня
1182;книга мочь
1183;книга презентация
1184;книга работа
1185;книжка
1186;книжный
1187;книжный выставочный
1188;книжный государственный
1189;книжный декабрь
1190;князь
1191;когда
1192;когда нибудь
1193;когда то
1194;код
1195;код справка
1196;кожа
1197;количество
1198;количество нужный
1199;коллаж
1200;коллега
1201;колледж
1202;коллектив
1203;коллективный
1204;коллекционер
1205;коллекция
1206;колорит
1207;команда
1208;комедийный
1209;комедия
1210;комикс
1211;комиссия
1212;комиссия любовь
1213;комитет
1214;комментарий
1215;коммерческий
1216;коммуникация
1217;комната
1218;компания
1219;комплекс
1220;композитор
1221;композиция
1222;компьютерный
1223;конгресс
1224;конец
1225;конкретный
1226;конкурс
1227;конкурс галерея
1228;конкурсный
1229;консерватория
1230;консервация
1231;конструкция
1232;консультант
1233;консультация
1234;контакт
1235;контекст
1236;контент
1237;контрабасист
1238;контролировать
1239;контролировать число
1240;контроль
1241;конференц
1242;конференц зал
1243;конференция
1244;конфликт
1245;конце
1246;концептуальный
1247;концепция
1248;концерт
1249;концерт художник
1250;концертный
1251;конь
1252;копия
1253;корабль
1254;корейский
1255;коренной
1256;корень
1257;королева
1258;король
1259;коронавирус
1260;короткий
1261;короткометражный
1262;корреспондент
1263;космический
1264;космос
1265;кость
1266;костюм
1267;кот
1268;котором
1269;кофе
1270;кошка
1271;кошмар
1272;краевед
1273;краеведение
1274;краеведческий
1275;край
1276;красиво
1277;красивый
1278;краска
1279;красный
1280;красота
1281;краткий
1282;креативный
1283;крепкий
1284;кризис
1285;крик
1286;криминальный
1287;критик
1288;критика
1289;кровь
1290;кроме
1291;кроме участие
1292;круг
1293;круглый
1294;крупный
1295;крутой
1296;крыша
1297;кстати
1298;кто
1299;кто то
1300;кукла
1301;кукольный
1302;культовый
1303;культура
1304;культура кафедра
1305;культура международный
1306;культура сделать
1307;культура художник
1308;культурно
1309;культурный
1310;культурный наследие
1311;культурный сотрудник
1312;культуролог
1313;купить
1314;куратор
1315;курировать
1316;курников
1317;курс
1318;кусочек
1319;кухня
1320;лаборатория
1321;лауреат
1322;лауреат российский
1323;лгкий
1324;лев
1325;легенда
1326;легендарный
1327;легкий
1328;легко
1329;лежать
1330;лейбл
1331;лектор
1332;лектор человек
1333;лекторий
1334;лекторий рамка
1335;лекториум
1336;лекционный
1337;лекция
1338;лекция галерея
1339;лекция искусство
1340;лекция конкурс
1341;лекция лектор
1342;лекция поговорить
1343;лекция проходить
1344;лента
1345;лень
1346;леонид
1347;лес
1348;лесной
1349;лестница
1350;летие
1351;летний
1352;лето
1353;лето вход
1354;лечение
1355;лечь
1356;либо
1357;лидер
1358;линия
1359;лирический
1360;лист
1361;литератор
1362;литература
1363;литература библиотека
1364;литература мероприятие
1365;литературно
1366;литературно музыкальный
1367;литературно художественный
1368;литературный
1369;литературный состояться
1370;литературовед
1371;литрес
1372;лицо
1373;лично
1374;личностный
1375;личность
1376;личность центр
1377;личный
1378;личный друг
1379;лишить
1380;лишний
1381;лишь
1382;логика
1383;логинпароль
1384;логический
1385;локальный
1386;локация
1387;любимый
1388;любитель
1389;любить
1390;любовный
1391;любовь
1392;любовь творчество
1393;любой
1394;любой государственный
1395;любопытный
1396;людмила
1397;магазин
1398;магистр
1399;магический
1400;магия
1401;май
1402;макаронка
1403;максимально
1404;маленький
1405;мало
1406;малоизвестный
1407;малый
1408;мальчик
1409;мама
1410;манера
1411;манипуляция
1412;мансарда
1413;марафон
1414;марина
1415;мария
1416;маркет
1417;март
1418;март выставка
1419;марта
1420;маршрут
1421;маска
1422;масса
1423;массовый
1424;мастер
1425;мастер класс
1426;мастерская
1427;мастерски
1428;мастерство
1429;масштаб
1430;масштабный
1431;математика
1432;математический
1433;материал
1434;материал художник
1435;материальный
1436;мать
1437;машина
1438;мая
1439;маяк
1440;маяковский
1441;медаль
1442;медиа
1443;медицина
1444;медицинский
1445;международный
1446;международный вход
1447;международный гость
1448;международный день
1449;международный также
1450;международный этаж
1451;межрегиональный
1452;мелкий
1453;мелодия
1454;мелодрама
1455;мелодраматический
1456;менее
1457;меньше
1458;менять
1459;меняться
1460;мера
1461;мероприятие
1462;мероприятие библиотека
1463;мероприятие получить
1464;мероприятие участие
1465;мертвый
1466;мессенджер
1467;местный
1468;место
1469;место вход
1470;место главный
1471;место директ
1472;место март
1473;место правда
1474;место сцена
1475;месяц
1476;месяц жизнь
1477;метод
1478;методика
1479;методический
1480;метр
1481;механизм
1482;мечта
1483;мечтать
1484;мешать
1485;микрофон
1486;миллион
1487;милый
1488;мимо
1489;мина
1490;мини
1491;миниатюра
1492;министерство
1493;министр
1494;минута
1495;мир
1496;мир автор
1497;мир имя
1498;мир картина
1499;мир начать
1500;мир ребенок
1501;мир сегодня
1502;мир социальный
1503;мир экспозиция
1504;мирдолжензнатьчтоячитаю
1505;мирный
1506;мировой
1507;мистический
1508;миф
1509;мифология
1510;младший
1511;млн
1512;мнение
1513;многие
1514;многий
1515;многогранный
1516;многое
1517;многолетний
1518;многообразие
1519;многочисленный
1520;множество
1521;мобильный
1522;мода
1523;модель
1524;модератор
1525;модный
1526;мозаика
1527;мозг
1528;молодежный
1529;молодежь
1530;молоджный
1531;молодой
1532;молодость
1533;момент
1534;монография
1535;монолог
1536;монтаж
1537;море
1538;мороз
1539;морской
1540;московский
1541;мост
1542;мотив
1543;мочь
1544;мочь героиня
1545;мочь очень
1546;мочь принять
1547;мочь работа
1548;мощный
1549;мрачный
1550;мсиида
1551;муж
1552;мужской
1553;мужчина
1554;музей
1555;музей александра
1556;музей желать
1557;музей заповедник
1558;музей заслужить
1559;музей здоровье
1560;музей зима
1561;музей поздравлять
1562;музей скиехудожник
1563;музей художник
1564;музейный
1565;музыка
1566;музыка библиотека
1567;музыкально
1568;музыкальный
1569;музыкальный новый
1570;музыкант
1571;мультфильм
1572;муниципальный
1573;мысль
1574;мысль мир
1575;мышление
1576;мягкий
1577;на
1578;на вый
1579;на ул
1580;наблюдать
1581;наблюдение
1582;набор
1583;наверное
1584;наверняка
1585;навсегда
1586;навык
1587;награда
1588;наградить
1589;награждение
1590;надежда
1591;надеяться
1592;назад
1593;назад фонд
1594;название
1595;назвать
1596;называть
1597;называться
1598;наиболее
1599;найти
1600;найти место
1601;найтись
1602;накануне
1603;наконец
1604;наконец то
1605;наличие
1606;наоборот
1607;напечатать
1608;написание
1609;написать
1610;написать жизнь
1611;написать язык
1612;напиток
1613;наполнить
1614;напоминать
1615;напомнить
1616;направить
1617;направление
1618;например
1619;напротив
1620;напрямую
1621;нарисовать
1622;народ
1623;народный
1624;нарушение
1625;наряд
1626;наряду
1627;население
1628;насилие
1629;насколько
1630;насладиться
1631;наследие
1632;настолько
1633;настольный
1634;настоящему
1635;настоящий
1636;настоящий проект
1637;настроение
1638;наступать
1639;наступить
1640;насыщенный
1641;натуральный
1642;натюрморт
1643;наука
1644;наука деятельность
1645;наука свободный
1646;наука философский
1647;научить
1648;научиться
1649;научно
1650;научно популярный
1651;научно просветительский
1652;научный
1653;научный искусство
1654;находить
1655;находить жизнь
1656;находиться
1657;находиться место
1658;находка
1659;национальный
1660;начало
1661;начало каждый
1662;начать
1663;начать известный
1664;начать ребенок
1665;начать сегодня
1666;начаться
1667;начаться работа
1668;начинать
1669;начинаться
1670;начинающий
1671;начиная
1672;небо
1673;небольшой
1674;невероятно
1675;невероятный
1676;невозможный
1677;недавно
1678;неделя
1679;недостаток
1680;нежный
1681;независимый
1682;неизвестный
1683;неизменный
1684;некий
1685;некоммерческий
1686;некоторый
1687;нем
1688;немало
1689;немец
1690;немецкий
1691;немного
1692;необходимость
1693;необходимый
1694;необычный
1695;неоднократно
1696;неожиданно
1697;неожиданный
1698;неповторимый
1699;непонятный
1700;непосредственный
1701;непременно
1702;непростой
1703;неравнодушный
1704;несколько
1705;несмотря
1706;нестандартный
1707;нести
1708;несчастный
1709;нечто
1710;нибудь
1711;нижний
1712;низкий
1713;никак
1714;никакой
1715;николай
1716;никто
1717;нильс
1718;нить
1719;ничто
1720;ничто хороший
1721;нобелевский
1722;новинка
1723;новогодний
1724;новость
1725;новочеркасск
1726;новый
1727;новый желать
1728;новый материал
1729;новый образ
1730;новый специальный
1731;новый старый
1732;новый художник
1733;нога
1734;ножницы
1735;номер
1736;номинация
1737;нон
1738;норма
1739;нормальный
1740;носитель
1741;носить
1742;ностальгия
1743;нота
1744;ночной
1745;ночь
1746;ноябрь
1747;ноябрь клуб
1748;ноябрь программа
1749;ноября
1750;нравиться
1751;нравственный
1752;нуждаться
1753;нужный
1754;ныне
1755;нынешний
1756;оба
1757;обеспечить
1758;обещать
1759;обзор
1760;обида
1761;обладатель
1762;обладать
1763;облако
1764;областной
1765;область
1766;область издание
1767;облик
1768;обложка
1769;обмен
1770;обнаружить
1771;обработка
1772;образ
1773;образ вообще
1774;образ материал
1775;образ художник
1776;образец
1777;образный
1778;образование
1779;образовательный
1780;образовать
1781;обратить
1782;обратиться
1783;обратный
1784;обращать
1785;обращаться
1786;обрести
1787;обретать
1788;обряд
1789;обслуживание
1790;обслуживание жилищный
1791;обстановка
1792;обстоятельство
1793;обсудить
1794;обсуждать
1795;обсуждение
1796;обучать
1797;обучаться
1798;обучение
1799;обширный
1800;общаться
1801;общедоступный
1802;общение
1803;общероссийский
1804;общественность
1805;общественный
1806;общество
1807;общий
1808;объединение
1809;объединить
1810;объединять
1811;объект
1812;объем
1813;объявить
1814;объявление
1815;объявлять
1816;объяснить
1817;объяснять
1818;обычай
1819;обычно
1820;обычный
1821;обязанность
1822;обязанный
1823;обязательно
1824;обязательный
1825;огонь
1826;ограничение
1827;ограничить
1828;огромный
1829;одежда
1830;одиннадцать
1831;одинокий
1832;одиночество
1833;однажды
1834;однако
1835;одновременно
1836;одноименный
1837;ожидание
1838;ожидать
1839;ознакомиться
1840;ознакомиться центр
1841;означать
1842;оказать
1843;оказаться
1844;оказывать
1845;оказываться
1846;океан
1847;оккупация
1848;окно
1849;около
1850;окончание
1851;окончить
1852;окончить вход
1853;окружать
1854;окружение
1855;оксана
1856;октябрь
1857;октября
1858;окунуться
1859;онлайн
1860;онлайн билет
1861;онлайн концерт
1862;онлайн формат
1863;оно
1864;опасный
1865;опера
1866;описание
1867;описать
1868;описывать
1869;оплата
1870;определение
1871;определенный
1872;определить
1873;определять
1874;опубликовать
1875;опыт
1876;опытный
1877;орган
1878;организатор
1879;организация
1880;организм
1881;организовать
1882;орден
1883;оригинал
1884;оригинальный
1885;оркестр
1886;оружие
1887;осваивать
1888;освободиться
1889;освобождение
1890;освоение
1891;освоить
1892;осенний
1893;осень
1894;оскар
1895;основа
1896;основание
1897;основатель
1898;основать
1899;основной
1900;основном
1901;основный
1902;особенно
1903;особенность
1904;особенность текст
1905;особенный
1906;особняк
1907;особо
1908;особый
1909;осознавать
1910;осознать
1911;оставаться
1912;оставить
1913;оставлять
1914;остальной
1915;остановиться
1916;остаться
1917;остров
1918;островский
1919;острый
1920;осудить
1921;осуществить
1922;осуществлять
1923;осуществляться
1924;отбор
1925;ответ
1926;ответить
1927;ответственность
1928;ответственный
1929;отвечать
1930;отдать
1931;отдел
1932;отдел библиотека
1933;отдел открытие
1934;отдел участие
1935;отделение
1936;отдельно
1937;отдельный
1938;отдохнуть
1939;отдых
1940;отель
1941;отец
1942;отечественный
1943;отечество
1944;отзыв
1945;отказ
1946;отказаться
1947;отказываться
1948;откровенный
1949;открывать
1950;открываться
1951;открытие
1952;открытие библиотека
1953;открытие получить
1954;открытка
1955;открытый
1956;открытый искусство
1957;открыть
1958;открыть последний
1959;открыться
1960;откуда
1961;отличаться
1962;отличие
1963;отличный
1964;отметить
1965;отмечать
1966;отмечаться
1967;относиться
1968;отношение
1969;отношение лекция
1970;отношение первый
1971;отобрать
1972;отправить
1973;отправиться
1974;отправлять
1975;отправляться
1976;отражать
1977;отражение
1978;отразить
1979;отрывок
1980;отсутствие
1981;оттенок
1982;офис
1983;офицер
1984;официальный
1985;оформить
1986;оформление
1987;офорт
1988;охватывать
1989;охота
1990;охотник
1991;охрана
1992;оценить
1993;оценка
1994;очень
1995;очень знание
1996;очень иметь
1997;очень основа
1998;очередной
1999;очередной участник
2000;очередь
2001;очерк
2002;ошибка
2003;ощутить
2004;ощущение
2005;падение
2006;палитра
2007;памятник
2008;памятник представить
2009;памятный
2010;память
2011;пандемия
2012;папа
2013;пара
2014;парадоксальный
2015;параллель
2016;параллельный
2017;парень
2018;парк
2019;партия
2020;партнер
2021;партнр
2022;патриотический
2023;педагог
2024;педагогика
2025;педагогический
2026;пейзаж
2027;пенсионер
2028;пер
2029;первый
2030;первый конкурс
2031;первый лекция
2032;первый начинать
2033;первых
2034;переболеть
2035;перевести
2036;перевод
2037;переводчик
2038;передавать
2039;передать
2040;передача
2041;переехать
2042;переживание
2043;переживать
2044;пережить
2045;перейти
2046;перемена
2047;перенести
2048;переплет
2049;перерыв
2050;переставать
2051;перестать
2052;переулок
2053;переход
2054;переходить
2055;период
2056;периодический
2057;персона
2058;персонаж
2059;персональный
2060;перспектива
2061;перформанс
2062;песня
2063;песня книга
2064;песня состояться
2065;петрович
2066;петь
2067;печаль
2068;печальный
2069;печататься
2070;печатный
2071;печать
2072;пианист
2073;писатель
2074;писатель выставка
2075;писатель рассказ
2076;писательница
2077;писательский
2078;писать
2079;письменность
2080;письмо
2081;питание
2082;пить
2083;плакат
2084;план
2085;планета
2086;планировать
2087;планироваться
2088;пластический
2089;платный
2090;платформа
2091;платье
2092;плечо
2093;плотный
2094;плоть
2095;плохо
2096;плохой
2097;площадка
2098;площадка центр
2099;площадь
2100;плюс
2101;по
2102;по настоящему
2103;по своему
2104;победа
2105;победитель
2106;победить
2107;побывать
2108;поведение
2109;поверить
2110;поверхность
2111;повествование
2112;повествовать
2113;повесть
2114;повлиять
2115;повод
2116;повседневный
2117;повсюду
2118;повторять
2119;повышение
2120;погибнуть
2121;поговорить
2122;погода
2123;погружаться
2124;погружение
2125;погрузиться
2126;подарить
2127;подарок
2128;подать
2129;подборка
2130;подведение
2131;подвести
2132;подвиг
2133;подготовить
2134;подготовить мир
2135;подготовить экспозиция
2136;подготовка
2137;поддержать
2138;поддерживать
2139;поддержка
2140;поделиться
2141;подлежать
2142;подлинный
2143;поднять
2144;подобный
2145;подобрать
2146;подойти
2147;подписать
2148;подписчик
2149;подробно
2150;подробность
2151;подробный
2152;подростковый
2153;подросток
2154;подруга
2155;подтверждать
2156;подумать
2157;подушка
2158;подход
2159;подходить
2160;поездка
2161;пожалуй
2162;пожалуйста
2163;позволить
2164;позволять
2165;поздний
2166;поздравление
2167;поздравлять
2168;поздравлять душа
2169;поздравлять желать
2170;поздравлять искусство
2171;поздравлять музей
2172;поздравлять новый
2173;позитивный
2174;позиция
2175;познавательный
2176;познакомить
2177;познакомиться
2178;познакомиться выставка
2179;поиграть
2180;поиск
2181;поистине
2182;пойти
2183;пока
2184;показ
2185;показ главный
2186;показ кино
2187;показать
2188;показаться
2189;показывать
2190;покинуть
2191;поклонник
2192;покой
2193;поколение
2194;покорить
2195;покупать
2196;покупка
2197;пол
2198;поле
2199;полезный
2200;полет
2201;политика
2202;политический
2203;полиция
2204;полностью
2205;полноценный
2206;полный
2207;полный настоящий
2208;полный проект
2209;половина
2210;положение
2211;положительный
2212;положить
2213;полотно
2214;получать
2215;получаться
2216;получение
2217;получить
2218;получить библиотека
2219;получить человек
2220;получиться
2221;польза
2222;пользование
2223;пользователь
2224;пользоваться
2225;польский
2226;полюбить
2227;поместить
2228;помещение
2229;помимо
2230;помнить
2231;помогать
2232;помочь
2233;помочь вопрос
2234;помощник
2235;помощь
2236;понедельник
2237;понимание
2238;понимать
2239;понравиться
2240;понятие
2241;понятный
2242;понять
2243;пообщаться
2244;поп
2245;попадать
2246;попасть
2247;попробовать
2248;попросить
2249;популяризатор
2250;популяризация
2251;популярность
2252;популярный
2253;популярный автор
2254;популярный публичный
2255;попытаться
2256;попытка
2257;пора
2258;порадовать
2259;порог
2260;порой
2261;портал
2262;портрет
2263;порыв
2264;порядок
2265;посвятить
2266;посвятить театр
2267;посвятить тема
2268;посвящнный
2269;посвящть
2270;посетитель
2271;посетить
2272;посетить проект
2273;посещать
2274;посещение
2275;посещение смочь
2276;поскольку
2277;последний
2278;последний самый
2279;последний свободный
2280;последствие
2281;последующий
2282;послушать
2283;посмотреть
2284;пособие
2285;посредством
2286;пост
2287;поставить
2288;постановка
2289;постановление
2290;постановщик
2291;постараться
2292;постепенно
2293;постоянно
2294;постоянный
2295;построить
2296;постройка
2297;поступать
2298;поступить
2299;поступление
2300;поступок
2301;потенциал
2302;потеря
2303;потерять
2304;поток
2305;потомок
2306;потребление
2307;потребность
2308;потрясать
2309;поучаствовать
2310;поход
2311;похожий
2312;почему
2313;почетный
2314;почитать
2315;почта
2316;почта информация
2317;почувствовать
2318;поэзия
2319;поэзия выставка
2320;поэма
2321;поэт
2322;поэт жизнь
2323;поэтесса
2324;поэтический
2325;поэтому
2326;появиться
2327;появление
2328;появляться
2329;правда
2330;правда главный
2331;правило
2332;правильно
2333;правильный
2334;правительство
2335;правление
2336;право
2337;право пройти
2338;право публичный
2339;правовой
2340;православный
2341;праздник
2342;праздничный
2343;празднование
2344;праздновать
2345;практика
2346;практиковать
2347;практиковать консультация
2348;практически
2349;практический
2350;пребывание
2351;превратить
2352;превратиться
2353;превращать
2354;превращаться
2355;преданность
2356;предательство
2357;предварительный
2358;предварительный ссылка
2359;преддверие
2360;предел
2361;предлагать
2362;предлагать также
2363;предложение
2364;предложить
2365;предмет
2366;предок
2367;предоставить
2368;предоставлять
2369;предоставляться
2370;предполагать
2371;предприниматель
2372;предприятие
2373;предпродажа
2374;председатель
2375;представитель
2376;представить
2377;представить жизнь
2378;представить проект
2379;представить произведение
2380;представить региональный
2381;представление
2382;представлять
2383;представлять коллекция
2384;предстоять
2385;предъявить
2386;предыдущий
2387;прежде
2388;презентация
2389;презентация принять
2390;презентовать
2391;президент
2392;президентский
2393;прекрасно
2394;прекрасный
2395;премия
2396;премьер
2397;премьера
2398;премьера состояться
2399;премьерный
2400;преображение
2401;преодолеть
2402;преподаватель
2403;преподаватель право
2404;преподаватель старший
2405;преподавать
2406;пресс
2407;пресса
2408;престижный
2409;преступление
2410;при
2411;привести
2412;привет
2413;приветственный
2414;прививка
2415;привлекать
2416;привлечение
2417;привлечь
2418;приводить
2419;привыкнуть
2420;привычка
2421;привычный
2422;пригласить
2423;приглашать
2424;приглашать выставка
2425;приглашать жизнь
2426;приглашать культурный
2427;приглашать представить
2428;приглашать язык
2429;приглашаться
2430;приглашение
2431;приготовить
2432;придумать
2433;придумывать
2434;приезжать
2435;прием
2436;прием руководство
2437;приехать
2438;прижизненный
2439;приз
2440;призвать
2441;призма
2442;признак
2443;признание
2444;признать
2445;прийти
2446;прийти ничто
2447;прийтись
2448;прикладной
2449;приключение
2450;приложение
2451;прим
2452;применение
2453;пример
2454;примерно
2455;принадлежать
2456;принести
2457;принимать
2458;приниматься
2459;приносить
2460;принцип
2461;принципе
2462;принятие
2463;принять
2464;приобрести
2465;приобретать
2466;природа
2467;природный
2468;прислать
2469;присоединиться
2470;присоединяться
2471;присутствие
2472;присутствовать
2473;притча
2474;приурочить
2475;приход
2476;приходите
2477;приходить
2478;приходиться
2479;причем
2480;причина
2481;приятный
2482;проблема
2483;проведение
2484;проведт
2485;проверить
2486;проверка
2487;провести
2488;провести выставка
2489;провинция
2490;проводить
2491;проводиться
2492;проводиться поддержка
2493;проводиться прием
2494;программа
2495;программа встреча
2496;программа информация
2497;программа сложный
2498;прогресс
2499;прогулка
2500;продавать
2501;продажа
2502;продать
2503;продвижение
2504;продлить
2505;продлиться
2506;продлиться библиотека
2507;продлиться открытие
2508;продолжать
2509;продолжаться
2510;продолжение
2511;продолжительность
2512;продолжить
2513;продукт
2514;продюсер
2515;проект
2516;проект время
2517;проект задача
2518;проект запись
2519;проект настоящий
2520;проект поддержка
2521;проект произведение
2522;проект рамка
2523;проект руководитель
2524;проживать
2525;прожить
2526;проза
2527;прозаик
2528;прозвучать
2529;произведение
2530;произведение проект
2531;произведение роль
2532;производство
2533;произойти
2534;происходить
2535;происхождение
2536;пройдт
2537;пройти
2538;пройти день
2539;пройти зал
2540;пройти история
2541;пройти очередной
2542;пройти публичный
2543;пройти старший
2544;пройти участник
2545;прокуратура
2546;промысл
2547;промышленный
2548;пропасть
2549;пропустить
2550;просветительский
2551;просвещение
2552;просить
2553;проследить
2554;просмотр
2555;проспект
2556;просто
2557;просто время
2558;простой
2559;простор
2560;простота
2561;пространство
2562;просьба
2563;против
2564;противоречивый
2565;противоречие
2566;протяжение
2567;профессионал
2568;профессиональный
2569;профессия
2570;профессор
2571;профессор время
2572;профиль
2573;проходить
2574;проходить галерея
2575;проходить человек
2576;процесс
2577;процессуальный
2578;прочесть
2579;прочий
2580;прочитать
2581;прочтение
2582;прошлое
2583;прошлый
2584;проявить
2585;проявление
2586;проявлять
2587;проявляться
2588;прямо
2589;прямой
2590;психика
2591;психический
2592;психолог
2593;психологический
2594;психология
2595;психотерапевт
2596;психотерапия
2597;птица
2598;публика
2599;публикация
2600;публиковать
2601;публиковаться
2602;публицист
2603;публичка
2604;публичный
2605;публичный высокий
2606;публичный день
2607;публичный зал
2608;публичный известный
2609;публичный история
2610;публичный отдел
2611;публичный очередной
2612;публичный пройти
2613;публичный участник
2614;пугать
2615;пункт
2616;пустой
2617;пустота
2618;пусть
2619;путешественник
2620;путешествие
2621;путешествовать
2622;путь
2623;путь работать
2624;пушкин
2625;пушкинский
2626;пытаться
2627;пьеса
2628;пьеса искусство
2629;пятница
2630;пятно
2631;пятый
2632;пять
2633;работа
2634;работа лежать
2635;работа материал
2636;работа музыкальный
2637;работа новый
2638;работа образ
2639;работа опубликовать
2640;работа открыться
2641;работа принять
2642;работа руководство
2643;работа школа
2644;работа шолохов
2645;работать
2646;работать большой
2647;работать знать
2648;работать книга
2649;работать работа
2650;работать частный
2651;работник
2652;рабочий
2653;равный
2654;рад
2655;ради
2656;радикальный
2657;радио
2658;радовать
2659;радость
2660;разбираться
2661;разбить
2662;развивать
2663;развиваться
2664;развитие
2665;развитие исследование
2666;развитие также
2667;развитие художник
2668;развлекательный
2669;разворачиваться
2670;разговор
2671;раздел
2672;раздел работа
2673;разделить
2674;различный
2675;размер
2676;разместить
2677;размышление
2678;размышлять
2679;разнообразие
2680;разнообразный
2681;разный
2682;разный вход
2683;разобрать
2684;разобраться
2685;разочарование
2686;разработать
2687;разработка
2688;разрушить
2689;разум
2690;район
2691;рамка
2692;рамка дгпб
2693;рамка преподаватель
2694;рамках
2695;рамках государственный
2696;рамках декабрь
2697;рана
2698;ранее
2699;ранний
2700;рано
2701;раскрывать
2702;раскрыть
2703;расписание
2704;располагаться
2705;расположить
2706;распространение
2707;рассказ
2708;рассказ проект
2709;рассказать
2710;рассказать ваш
2711;рассказать вечер
2712;рассказывать
2713;рассматривать
2714;рассмотреть
2715;расстройство
2716;рассуждать
2717;рассчитать
2718;растение
2719;расти
2720;расцвет
2721;расширить
2722;рахманинов
2723;ргк
2724;реакция
2725;реализация
2726;реализм
2727;реализовать
2728;реализоваться
2729;реалия
2730;реальность
2731;реальный
2732;ребенок
2733;ребенок имя
2734;ребенок публичный
2735;ребята
2736;революционный
2737;революция
2738;регион
2739;региональный
2740;региональный проект
2741;региональный произведение
2742;регистрация
2743;регистрироваться
2744;регулярно
2745;редактор
2746;редакция
2747;редкий
2748;редко
2749;редкость
2750;реж
2751;режим
2752;режиссер
2753;режиссер литературный
2754;режисср
2755;режиссра
2756;резидент
2757;результат
2758;река
2759;реклама
2760;рекомендовать
2761;реконструкция
2762;религиозный
2763;религия
2764;ремесло
2765;репертуар
2766;репетиция
2767;репортаж
2768;репост
2769;реставрация
2770;ресторан
2771;ресурс
2772;реформа
2773;рецепт
2774;речь
2775;решать
2776;решение
2777;решить
2778;римский
2779;рисование
2780;рисовать
2781;рисунок
2782;ритм
2783;род
2784;родина
2785;родитель
2786;родительский
2787;родиться
2788;родиться также
2789;родной
2790;родные
2791;родный
2792;родственник
2793;рождаться
2794;рождение
2795;рождение скиехудожник
2796;рождение творческий
2797;рождение фонд
2798;рождественский
2799;рождество
2800;розыгрыш
2801;рок
2802;ролик
2803;роль
2804;роман
2805;романс
2806;романтический
2807;роскошный
2808;роспись
2809;российский
2810;россия
2811;рост
2812;рот
2813;руб
2814;рубеж
2815;рублейстоимость
2816;рубль
2817;рубль вход
2818;рубрика
2819;рука
2820;руководитель
2821;руководитель художественный
2822;руководить
2823;руководство
2824;руководство преподаватель
2825;рукопись
2826;русский
2827;русский концерт
2828;русский культура
2829;русский художник
2830;русскоязычный
2831;ручной
2832;рху
2833;рыба
2834;рынок
2835;ряд
2836;ряд также
2837;рядом
2838;сад
2839;садовый
2840;сайт
2841;сайт ждать
2842;сайт сентябрь
2843;салон
2844;самобытный
2845;самостоятельно
2846;самостоятельный
2847;самый
2848;самый литературный
2849;самый собственный
2850;самый современный
2851;самый творческий
2852;санитарный
2853;сб
2854;сбор
2855;сборник
2856;свадьба
2857;сведение
2858;свежий
2859;свет
2860;светлый
2861;свеча
2862;свидетель
2863;свидетельство
2864;свинья
2865;сво
2866;свобода
2867;свободно
2868;свободный
2869;свободный большой
2870;свободный ведущий
2871;свободный возможность
2872;свободный мастер
2873;свободный работать
2874;свободный самый
2875;свободный современный
2876;свободный состояться
2877;свободный февраль
2878;свободныйв
2879;свободныйгалерея
2880;своему
2881;своеобразный
2882;свый
2883;свыше
2884;связать
2885;связывать
2886;связь
2887;святой
2888;сделать
2889;сеанс
2890;север
2891;северный
2892;сегодня
2893;сегодня день
2894;сегодня известный
2895;сегодня картина
2896;сегодня международный
2897;сегодняшний
2898;сезон
2899;сей
2900;секрет
2901;секретарь
2902;секция
2903;село
2904;сельский
2905;семейный
2906;семейный время
2907;семинар
2908;семь
2909;семья
2910;семья женщина
2911;сентябрь
2912;сентябрь билет
2913;сентябрь ждать
2914;сентябрь публичный
2915;серафим
2916;сервис
2917;сердце
2918;серебряный
2919;середина
2920;сериал
2921;серия
2922;сертификат
2923;серый
2924;серьезный
2925;сессия
2926;сестра
2927;сетевой
2928;сеть
2929;сидеть
2930;сила
2931;сильно
2932;сильный
2933;символ
2934;симфонический
2935;синий
2936;система
2937;ситуация
2938;сих
2939;сказать
2940;сказка
2941;сказочный
2942;скандинавский
2943;сквозь
2944;скидка
2945;скиехудожник
2946;скиехудожник фонд
2947;скиехудожники
2948;скиехудожники фонд
2949;склад
2950;складываться
2951;скойпубличнойбиблиотекик
2952;сколько
2953;скоро
2954;скорый
2955;скрипка
2956;скрывать
2957;скрываться
2958;скрыть
2959;скульптор
2960;скульптура
2961;скульптурный
2962;скучать
2963;слава
2964;славянский
2965;сладкий
2966;след
2967;следите
2968;следить
2969;следовать
2970;следующий
2971;слеза
2972;слишком
2973;словарь
2974;словно
2975;слово
2976;сложиться
2977;сложность
2978;сложный
2979;слой
2980;служба
2981;служить
2982;случай
2983;случайно
2984;случайный
2985;случаться
2986;случиться
2987;слушатель
2988;слушать
2989;слышать
2990;смело
2991;смелый
2992;смена
2993;смерть
2994;смех
2995;смешной
2996;сможете
2997;смотреть
2998;смотрите
2999;смочь
3000;смочь гость
3001;смочь чтение
3002;смысл
3003;сначала
3004;снег
3005;снимать
3006;снимок
3007;снова
3008;снять
3009;собака
3010;собирать
3011;собираться
3012;соблюдать
3013;соблюдение
3014;собор
3015;соборный
3016;собрание
3017;собрать
3018;собраться
3019;собственно
3020;собственный
3021;событие
3022;событие процесс
3023;совершать
3024;совершенно
3025;совершить
3026;совет
3027;советовать
3028;советский
3029;советский посвятить
3030;совместно
3031;совместный
3032;совпадение
3033;современник
3034;современность
3035;современный
3036;современный ведущий
3037;современный литературный
3038;современный режиссер
3039;современный собственный
3040;современный творческий
3041;современный февраль
3042;согласиться
3043;согласно
3044;содержание
3045;содержать
3046;сожаление
3047;создавать
3048;создаваться
3049;создание
3050;создание город
3051;создание стать
3052;создатель
3053;создать
3054;создать билет
3055;создать история
3056;создать пройти
3057;создать публичный
3058;сознание
3059;сокровище
3060;солдат
3061;солист
3062;солнечный
3063;солнце
3064;сольный
3065;сомнение
3066;сон
3067;сообщать
3068;сообщение
3069;сообщество
3070;сообщить
3071;соответствие
3072;соответствовать
3073;сопровождать
3074;сопровождаться
3075;сопровождение
3076;сорок
3077;сосед
3078;соседний
3079;состав
3080;составить
3081;составлять
3082;состояние
3083;состоять
3084;состояться
3085;состояться заведовать
3086;состояться книга
3087;состояться мочь
3088;состояться музыкальный
3089;состояться принять
3090;состояться работа
3091;состояться ресурс
3092;состояться школа
3093;сотня
3094;сотрудник
3095;сотрудник проект
3096;сотрудничать
3097;сотрудничество
3098;сохранение
3099;сохранить
3100;сохраниться
3101;сохранять
3102;социалистический
3103;социально
3104;социальный
3105;социальный ребенок
3106;соцсеть
3107;сочетание
3108;сочетать
3109;сочинение
3110;союз
3111;спасение
3112;спасибо
3113;спасти
3114;спать
3115;спб
3116;спектакль
3117;спектакль стать
3118;спектр
3119;специалист
3120;специально
3121;специальность
3122;специальный
3123;специфика
3124;спешить
3125;спикер
3126;список
3127;спойлер
3128;спокойный
3129;спокойствие
3130;спор
3131;спорить
3132;спорт
3133;спортивный
3134;способ
3135;способ искусство
3136;способность
3137;способный
3138;способствовать
3139;справедливость
3140;справиться
3141;справка
3142;справка код
3143;справочно
3144;справочно библиографический
3145;справочный
3146;спросить
3147;спустя
3148;ср
3149;ср вс
3150;сражение
3151;сразу
3152;среда
3153;среда вопрос
3154;среди
3155;средневековый
3156;средний
3157;средство
3158;срок
3159;ссылка
3160;ссылка государственный
3161;ссылка руб
3162;ссылке
3163;ставить
3164;ставка
3165;стадия
3166;стаж
3167;сталкиваться
3168;станица
3169;становиться
3170;становление
3171;станция
3172;стараться
3173;старик
3174;старинный
3175;старт
3176;стартовать
3177;старший
3178;старший отдел
3179;старый
3180;статистика
3181;статус
3182;стать
3183;стать город
3184;стать любить
3185;стать сильный
3186;стать создание
3187;статья
3188;стекло
3189;стена
3190;степень
3191;степной
3192;степь
3193;стереотип
3194;стилобат
3195;стиль
3196;стильный
3197;стих
3198;стихотворение
3199;сто
3200;стоимость
3201;стоимость школьник
3202;стоить
3203;стоить роман
3204;стол
3205;столетие
3206;столица
3207;столь
3208;столько
3209;сторона
3210;стоять
3211;страдание
3212;страдать
3213;страна
3214;страна работа
3215;страна состояться
3216;страница
3217;страница самый
3218;странный
3219;странный человек
3220;страноведческий
3221;страстный
3222;страсть
3223;стратегия
3224;страх
3225;страшно
3226;страшный
3227;стремительно
3228;стремиться
3229;стремление
3230;стрит
3231;стрит арт
3232;строгий
3233;строго
3234;строительство
3235;строить
3236;строиться
3237;строка
3238;структура
3239;студент
3240;студент курс
3241;студентка
3242;студенческий
3243;студия
3244;стукановый
3245;суббота
3246;суббота библиотека
3247;субтитр
3248;сувенир
3249;суворов
3250;судьба
3251;суета
3252;суметь
3253;сумка
3254;сумма
3255;суровый
3256;суть
3257;сухой
3258;существо
3259;существование
3260;существовать
3261;сфера
3262;сформировать
3263;схема
3264;сходить
3265;сцена
3266;сценарий
3267;сценарист
3268;сценический
3269;сценография
3270;счастие
3271;счастливый
3272;счастливый любовь
3273;счет
3274;считать
3275;считать семья
3276;считаться
3277;съемка
3278;сыграть
3279;сын
3280;сыр
3281;сюда
3282;сюжет
3283;сюжетный
3284;сюрприз
3285;таинственный
3286;тайна
3287;тайный
3288;также
3289;также арт
3290;также гость
3291;также интересный
3292;также особенность
3293;также праздник
3294;также разный
3295;также рубль
3296;также уличный
3297;также этаж
3298;таки
3299;таковой
3300;талант
3301;талантливый
3302;танец
3303;танцевальный
3304;танцевать
3305;твой
3306;творение
3307;творец
3308;творить
3309;творческий
3310;творческий литературный
3311;творческий областной
3312;творческий скиехудожник
3313;творческий состояться
3314;творческий фонд
3315;творчество
3316;творчество рождение
3317;творчество цикл
3318;театр
3319;театр друг
3320;театрализованный
3321;театрально
3322;театральный
3323;текст
3324;текст должный
3325;текстиль
3326;текстовый
3327;текущий
3328;телеканал
3329;телефон
3330;телефон документ
3331;тело
3332;тело административный
3333;тема
3334;тема клуб
3335;тема ноябрь
3336;тема программа
3337;тема профессиональный
3338;тема электронный
3339;тематика
3340;тематический
3341;темный
3342;тенденция
3343;тень
3344;теоретический
3345;теория
3346;тепло
3347;теплый
3348;терапевт
3349;терапия
3350;термин
3351;территория
3352;терять
3353;тесно
3354;тест
3355;техника
3356;технический
3357;технологический
3358;технология
3359;течение
3360;тип
3361;типичный
3362;типография
3363;тираж
3364;тихий
3365;тишина
3366;ткань
3367;то
3368;то дом
3369;то сила
3370;товар
3371;толстой
3372;толстый
3373;тонкий
3374;тонкость
3375;топ
3376;торжественный
3377;тоска
3378;точка
3379;точно
3380;точный
3381;тплый
3382;трава
3383;травма
3384;трагедия
3385;трагикомедия
3386;трагический
3387;традиционно
3388;традиционный
3389;традиционный история
3390;традиция
3391;трансляция
3392;трансформация
3393;требование
3394;требовать
3395;требоваться
3396;тревога
3397;тревожный
3398;трек
3399;тренд
3400;тренинг
3401;третий
3402;тридцать
3403;триллер
3404;трогательный
3405;труд
3406;трудность
3407;трудный
3408;трх
3409;туда
3410;тур
3411;тщательно
3412;тыс
3413;тысяча
3414;тьма
3415;тяжелый
3416;убедиться
3417;убивать
3418;убийство
3419;убийца
3420;убить
3421;уважаемый
3422;уважать
3423;уважение
3424;уверенный
3425;уверить
3426;увидеть
3427;увлекательный
3428;увлечение
3429;увлечь
3430;угол
3431;уголовный
3432;уголок
3433;удаваться
3434;удаленный
3435;удаться
3436;удача
3437;удача день
3438;удивительно
3439;удивительный
3440;удивить
3441;удивлять
3442;удобный
3443;удовольствие
3444;удовольствием
3445;удостоить
3446;ужас
3447;ужасный
3448;ужин
3449;узнавать
3450;узнавать являться
3451;узнать
3452;узнать вход
3453;узор
3454;уйти
3455;указать
3456;украсить
3457;украшение
3458;ул
3459;улица
3460;уличный
3461;улыбка
3462;ум
3463;умение
3464;умереть
3465;уметь
3466;умирать
3467;умный
3468;универсальный
3469;университет
3470;уникальность
3471;уникальный
3472;уничтожить
3473;управление
3474;управлять
3475;упражнение
3476;упустить
3477;уровень
3478;урок
3479;усилие
3480;условие
3481;условный
3482;услуга
3483;услышать
3484;успеть
3485;успех
3486;успех день
3487;успешно
3488;успешный
3489;установить
3490;установка
3491;устраивать
3492;устроить
3493;устройство
3494;утверждать
3495;утрата
3496;утратить
3497;утро
3498;ухо
3499;уходить
3500;участвовать
3501;участие
3502;участие библиотека
3503;участник
3504;участник открытие
3505;участница
3506;участок
3507;учеба
3508;учебник
3509;учебный
3510;ученик
3511;ученый
3512;учет
3513;училище
3514;учитель
3515;учить
3516;учиться
3517;учный
3518;учредитель
3519;учреждение
3520;уютный
3521;фабрика
3522;факт
3523;факультет
3524;фамилия
3525;фантазия
3526;фантастика
3527;фантастический
3528;фасад
3529;фашистский
3530;фдор
3531;февраль
3532;февраль литературный
3533;февраль состояться
3534;февраль творческий
3535;федеральный
3536;феномен
3537;фертик
3538;фестиваль
3539;фестиваль проект
3540;фестивальный
3541;фигура
3542;физик
3543;физика
3544;физический
3545;филармония
3546;филиал
3547;филиал гражданский
3548;филолог
3549;филологический
3550;филологических
3551;филология
3552;философ
3553;философия
3554;философский
3555;фильм
3556;фильм кинофестиваль
3557;фильм минута
3558;финал
3559;финалист
3560;финальный
3561;финансовый
3562;фольклор
3563;фон
3564;фонд
3565;фонд книжный
3566;фонд леонид
3567;фонд летие
3568;фонд музей
3569;фонд народный
3570;фоновый
3571;фонтан
3572;форма
3573;форма человек
3574;формат
3575;формирование
3576;формировать
3577;формироваться
3578;фортепиано
3579;форум
3580;фото
3581;фотовыставка
3582;фотограф
3583;фотография
3584;фотография публичный
3585;фрагмент
3586;фраза
3587;французский
3588;фронт
3589;фундаментальный
3590;функция
3591;футбол
3592;характер
3593;характерный
3594;харизматичный
3595;хватать
3596;химический
3597;химия
3598;хит
3599;ход
3600;ходить
3601;хозяин
3602;хозяйство
3603;холл
3604;холод
3605;холодный
3606;холст
3607;хор
3608;хороший
3609;хороший кинозал
3610;хороший семья
3611;хороший считать
3612;хотеть
3613;хотеться
3614;хотеться смысл
3615;хотя
3616;храм
3617;хранение
3618;хранитель
3619;хранить
3620;храниться
3621;христианский
3622;христос
3623;хроника
3624;хскиехудожник
3625;хскиехудожники
3626;художественно
3627;художественный
3628;художественный мир
3629;художник
3630;художник график
3631;художник исполниться
3632;художник посещение
3633;художник постановщик
3634;художник преподаватель
3635;художник сегодня
3636;художник смочь
3637;художник также
3638;художник успех
3639;художник хскиехудожник
3640;художница
3641;хутор
3642;царить
3643;царский
3644;царь
3645;цвет
3646;цветной
3647;цветовой
3648;цветок
3649;целое
3650;целый
3651;цель
3652;цена
3653;ценитель
3654;ценить
3655;ценность
3656;ценный
3657;центр
3658;центр вопрос
3659;центр интернет
3660;центр редкий
3661;центр российский
3662;центр универсальный
3663;центральный
3664;центре
3665;церемония
3666;церковный
3667;церковь
3668;цивилизация
3669;цикл
3670;цитата
3671;цифра
3672;цифровой
3673;чай
3674;чайковский
3675;час
3676;час публичный
3677;частности
3678;частный
3679;часто
3680;частый
3681;часть
3682;чей
3683;человек
3684;человек больший
3685;человек искусство
3686;человек использоваться
3687;человек подушка
3688;человек снова
3689;человек член
3690;человеческий
3691;человечество
3692;череда
3693;черный
3694;черта
3695;честно
3696;честь
3697;четверг
3698;четвертый
3699;четкий
3700;четыре
3701;чехов
3702;число
3703;число эпидемиологический
3704;чистый
3705;читайте
3706;читальный
3707;читальный время
3708;читатель
3709;читатель новый
3710;читатель старый
3711;читатель читательский
3712;читательский
3713;читать
3714;читать абонемент
3715;читать вопрос
3716;читать центр
3717;читка
3718;член
3719;член искусство
3720;чрный
3721;чт
3722;чтение
3723;чтение взрослый
3724;чтение текст
3725;что
3726;что то
3727;чувственный
3728;чувство
3729;чувствовать
3730;чудесный
3731;чудо
3732;чужой
3733;шаг
3734;шагин
3735;шанс
3736;шапка
3737;шар
3738;шедевр
3739;шесть
3740;широкий
3741;широко
3742;школа
3743;школа бесплатный
3744;школьник
3745;школьный
3746;шолохов
3747;шолохов центр
3748;шолохов центре
3749;шоу
3750;шум
3751;шутка
3752;эволюция
3753;экземпляр
3754;экзистенциальный
3755;экологический
3756;экология
3757;экономика
3758;экономический
3759;экран
3760;экранизация
3761;экскурсия
3762;экскурсия группа
3763;экскурсовод
3764;экспедиция
3765;эксперимент
3766;экспериментальный
3767;эксперт
3768;экспозиция
3769;экспонат
3770;экспонироваться
3771;эл
3772;эл бесплатный
3773;электронный
3774;электронный клуб
3775;элемент
3776;эмоциональный
3777;эмоциональный автор
3778;эмоция
3779;эмпатия
3780;энергия
3781;эпидемиологический
3782;эпизод
3783;эпоха
3784;эскиз
3785;эссе
3786;эстетика
3787;эстетический
3788;эстрада
3789;эстрадно
3790;эстрадно джазовый
3791;этаж
3792;этаж вход
3793;этаж выставка
3794;этаж практиковать
3795;этаж труд
3796;этажвопрос
3797;этап
3798;этнографический
3799;этюд
3800;эфир
3801;эффект
3802;эффективный
3803;юбилей
3804;юбилейный
3805;юг
3806;южно
3807;южно российский
3808;южный
3809;юмор
3810;юность
3811;юношеский
3812;юный
3813;юридический
3814;юридический информация
3815;юридический почта
3816;юрист
3817;юрист обслуживание
3818;юфу
3819;явление
3820;являться
3821;являться открытие
3822;являться получить
3823;явно
3824;язык
3825;язык проект
3826;языковой
3827;январь
3828;японский
3829;яркий
3830;яркий дело
3831;ярко
3832;ярмарка
3833;ясный
3834;артёлка
3835;афишаростов
3836;бесплатныеюридическиеконсультации
3837;видизокна
3838;встречаспсихологом
3839;встречи
3840;выставкаоднойкниги
3841;выставки
3842;выставкиростов
3843;выходныесдонскаяпубличнаябиблиотека
3844;галереявремени
3845;галереянасоборном
3846;галереяростов
3847;годтеатра
3848;грантдлякреативныхкоманд
3849;деньславянскойписьменности
3850;длядетей
3851;домашнийартвызов
3852;донскаяпубличная
3853;донскаяпубличнаябиблиотека
3854;донскаяэлектроннаябиблиотека
3855;донскиехудожники
3856;донскойкрай
3857;житьписатьлюбить
3858;житьтворитьлюбить
3859;игравклассики
3860;издомаслюбовью
3861;искусстворостов
3862;картины
3863;катиныкомнаты
3864;книги
3865;книгинашевсе
3866;книгиэтосчастье
3867;книгоман
3868;книжнаяполка
3869;книжныевыставки
3870;книжныеновинки
3871;книжныепамятники
3872;книжныйчервь
3873;кудапойтиростов
3874;кукладона
3875;культурноенаследие
3876;лекции
3877;летовпубличке
3878;литратура
3879;лучшедома
3880;мкнасоборном
3881;музейшолохова
3882;мывместе
3883;мыпомним
3884;окнохудожника
3885;открытиевыставки
3886;популярныйлекторий
3887;презентациякниги
3888;прижизненныеиздания
3889;публичкадон
3890;редкиекниги
3891;редкиекнигидонскойпубличной
3892;ростов
3893;ростовнадону
3894;ростовскаяобласть
3895;современнаялитература
3896;сружьемилирой
3897;фондкультурныхинициатив
3898;художники
3899;читаемвместе
3900;читайтекниги
3901;ячитаю
3902;абакумов
3903;абрамов
3904;абрамович
3905;аверченко
3906;австралия
3907;аделин
3908;айюб
3909;алексеенко
3910;али
3911;алигьери
3912;алферов
3913;анджелес
3914;андрсан
3915;антонио
3916;аркадиевич
3917;армянский
3918;арс
3919;артамонов
3920;асланова
3921;афанасиевич
3922;бабич
3923;бабич игнатиевич
3924;бабкин
3925;багс
3926;баранов
3927;барановский
3928;барвенко
3929;баринов
3930;баритон
3931;басков
3932;бахарев
3933;белин
3934;белоруссия
3935;бельгия
3936;бернс
3937;беспалов
3938;богослов
3939;болгария
3940;бондаренко
3941;брайан
3942;британия
3943;бычков
3944;варвар
3945;варшава
3946;василин
3947;вашингтон
3948;великобритании
3949;величкевич
3950;венгрия
3951;вентина
3952;вк
3953;владивосток
3954;водолазкин
3955;всероссия
3956;вшэ
3957;гарсия
3958;гарсия марчела
3959;гбу
3960;гога
3961;годкультурногонаследие
3962;горбатенко
3963;горшков
3964;грибоедов
3965;губарев
3966;губарев муха
3967;гумилев
3968;дементьев
3969;деревягин
3970;джо
3971;диденко
3972;дитрих
3973;добровольский
3974;дорохов
3975;евдокия
3976;европы
3977;егоров
3978;едигаров
3979;епифанов
3980;еремин
3981;ершов
3982;ефимович
3983;ефремов
3984;жан
3985;зайков
3986;закоптелов
3987;зубков
3988;ивахненко
3989;игнатиевич
3990;иерусалим
3991;израиль
3992;ильинов
3993;ингуп
3994;ингушетия
3995;индия
3996;ирвин
3997;ирландии
3998;казань
3999;калининград
4000;камиль
4001;канада
4002;кен
4003;кириленко
4004;клара
4005;клименко
4006;кобец
4007;ковалевского
4008;козьменко
4009;колесов
4010;конан
4011;конан варвар
4012;корея
4013;красноярск
4014;кринко
4015;крис
4016;кругленко
4017;ксалабардер
4018;ксалабардер сюзанна
4019;кувиный
4020;лапко
4021;лебеденко
4022;лемешев
4023;лидия
4024;линч
4025;липкович
4026;локомотив
4027;лос
4028;лос анджелес
4029;луис
4030;лунев
4031;луценко
4032;лыковый
4033;львович
4034;люба
4035;мадлен
4036;майк
4037;майкл
4038;макаренко
4039;малышев
4040;манна
4041;марианна
4042;марков
4043;марлен
4044;мартенс
4045;марчела
4046;марчела ксалабардер
4047;маск
4048;матвеев
4049;матвеевич
4050;мачнев
4051;мвд
4052;мгу
4053;медиа
4054;мекленбург
4055;мекленбург стрелицкий
4056;мексика
4057;менделеев
4058;меружан
4059;минск
4060;муха
4061;мэй
4062;мэри
4063;на
4064;на армянский
4065;назаретов
4066;нахичевани
4067;нахичевани на
4068;нахичеванская
4069;нахичеванская на
4070;нахичевань
4071;нахичевань на
4072;наш
4073;нидерланды
4074;никифор
4075;никифор рубать
4076;никифоров
4077;нью
4078;оао
4079;один
4080;оон
4081;ооо
4082;палайчев
4083;пащенко
4084;пекин
4085;петрашкевич
4086;полковниченко
4087;польша
4088;программы
4089;псарук
4090;рожков
4091;россия
4092;рубать
4093;рубать бахарев
4094;рязанцев
4095;салли
4096;сан
4097;сан франциско
4098;святный
4099;семергей
4100;сент
4101;сеул
4102;сирия
4103;сити
4104;скворцовый
4105;ский
4106;ский на
4107;ской
4108;ской на
4109;скопцов
4110;скопцов рожков
4111;слуф
4112;смоленск
4113;советкин
4114;соколенко
4115;сокуров
4116;спорыхин
4117;стрелицкий
4118;сыров
4119;сюзанна
4120;сюзанна кругленко
4121;таиланд
4122;таранцевый
4123;тарасенко
4124;тарасов
4125;тв
4126;теслевый
4127;техас
4128;титов
4129;тихонович
4130;тихонович спорыхин
4131;токио
4132;тонко
4133;травниковый
4134;турция
4135;уильям
4136;феодосия
4137;филиппов
4138;филиппович
4139;фоменко
4140;франциско
4141;хам
4142;хара
4143;хардиков
4144;харрис
4145;хачатурян
4146;хильченко
4147;хокинг
4148;хосе
4149;цененко
4150;чарас
4151;чекрыгин
4152;чикаго
4153;шабанов
4154;шаповалов
4155;шахов
4156;швейцария
4157;швеции
4158;шестов
4159;шикотан
4160;шмагин
4161;шостакович
4162;шотландия
4163;шпрайзер
4164;шульгин
4165;эйнауди
4166;эльдар
4167;энди
4168;эндрю
4169;эстония
4170;юнеско
4171;юрайт
4172;юренко
4173;яковлевич
4174;emoji_rate
4175;exclamations_count
4176;nouns
4177;verbs
4178;adjectives
4179;mean_word_len
4180;attachments
4181;len_text
4182;named_ent_count
4183;tags_count
4184;is_pinned
4185;has_link
4186;dayofweek
4187;hour
